<?xml version="1.0" encoding="UTF-8" standalone="yes"?>
<app version="1">
	<name>WiiLink WFC Patcher</name>
	<version>0.7</version>
	<release_date>20240217000000</release_date>
	<coder>Palapeli</coder>
	<short_description>Patches games to work with WiiLink WFC.</short_description>
	<long_description>This small home-brew application is designed to patch Disc games to work with WiiLink WFC.

Simply insert the game you want to patch into the drive and you're good to go!
</long_description>
<ahb_access/>
</app>
